[{"class_name":"ExtraFieldGroups\\By\\Category","comp_name":"extra-field-groups.by.category","comp_ns":"Modules\\ExtraField\\Http\\Livewire\\ExtraFieldGroups\\By\\Category"},{"class_name":"Input\\ExtraFields","comp_name":"input.extra-fields","comp_ns":"Modules\\ExtraField\\Http\\Livewire\\Input\\ExtraFields"},{"class_name":"Input\\ExtraFields\\Groups","comp_name":"input.extra-fields.groups","comp_ns":"Modules\\ExtraField\\Http\\Livewire\\Input\\ExtraFields\\Groups"},{"class_name":"Modal\\ExtraFieldGroup\\Add","comp_name":"modal.extra-field-group.add","comp_ns":"Modules\\ExtraField\\Http\\Livewire\\Modal\\ExtraFieldGroup\\Add"},{"class_name":"Modal\\ExtraFieldGroup\\Edit","comp_name":"modal.extra-field-group.edit","comp_ns":"Modules\\ExtraField\\Http\\Livewire\\Modal\\ExtraFieldGroup\\Edit"},{"class_name":"Modal\\ExtraFields\\AddData","comp_name":"modal.extra-fields.add-data","comp_ns":"Modules\\ExtraField\\Http\\Livewire\\Modal\\ExtraFields\\AddData"},{"class_name":"Modal\\ExtraFields\\Group\\AssignName","comp_name":"modal.extra-fields.group.assign-name","comp_ns":"Modules\\ExtraField\\Http\\Livewire\\Modal\\ExtraFields\\Group\\AssignName"},{"class_name":"Modal\\ExtraFields\\Two","comp_name":"modal.extra-fields.two","comp_ns":"Modules\\ExtraField\\Http\\Livewire\\Modal\\ExtraFields\\Two"},{"class_name":"Modal\\ExtraFields\\User\\AddData","comp_name":"modal.extra-fields.user.add-data","comp_ns":"Modules\\ExtraField\\Http\\Livewire\\Modal\\ExtraFields\\User\\AddData"},{"class_name":"Modal\\ExtraFields\\User\\DataSteps\\FirstStep","comp_name":"modal.extra-fields.user.data-steps.first-step","comp_ns":"Modules\\ExtraField\\Http\\Livewire\\Modal\\ExtraFields\\User\\DataSteps\\FirstStep"},{"class_name":"Modal\\ExtraFields\\User\\DataSteps\\SecondStep","comp_name":"modal.extra-fields.user.data-steps.second-step","comp_ns":"Modules\\ExtraField\\Http\\Livewire\\Modal\\ExtraFields\\User\\DataSteps\\SecondStep"},{"class_name":"Modal\\ExtraFields\\User\\History","comp_name":"modal.extra-fields.user.history","comp_ns":"Modules\\ExtraField\\Http\\Livewire\\Modal\\ExtraFields\\User\\History"},{"class_name":"Modal\\UserExtraFieldGroup\\Create","comp_name":"modal.user-extra-field-group.create","comp_ns":"Modules\\ExtraField\\Http\\Livewire\\Modal\\UserExtraFieldGroup\\Create"},{"class_name":"Select\\ExtraFields","comp_name":"select.extra-fields","comp_ns":"Modules\\ExtraField\\Http\\Livewire\\Select\\ExtraFields"},{"class_name":"UserExtraFields","comp_name":"user-extra-fields","comp_ns":"Modules\\ExtraField\\Http\\Livewire\\UserExtraFields"},{"class_name":"Verified","comp_name":"verified","comp_ns":"Modules\\ExtraField\\Http\\Livewire\\Verified"},{"class_name":"Wizard\\ExtraFieldGroup\\Add","comp_name":"wizard.extra-field-group.add","comp_ns":"Modules\\ExtraField\\Http\\Livewire\\Wizard\\ExtraFieldGroup\\Add"},{"class_name":"Wizard\\ExtraFieldGroup\\Add\\InsertDataStep","comp_name":"wizard.extra-field-group.add.insert-data-step","comp_ns":"Modules\\ExtraField\\Http\\Livewire\\Wizard\\ExtraFieldGroup\\Add\\InsertDataStep"},{"class_name":"Wizard\\ExtraFieldGroup\\Add\\InsertDescriptionStep","comp_name":"wizard.extra-field-group.add.insert-description-step","comp_ns":"Modules\\ExtraField\\Http\\Livewire\\Wizard\\ExtraFieldGroup\\Add\\InsertDescriptionStep"},{"class_name":"Wizard\\ExtraFieldGroup\\Add\\SelectGroupStep","comp_name":"wizard.extra-field-group.add.select-group-step","comp_ns":"Modules\\ExtraField\\Http\\Livewire\\Wizard\\ExtraFieldGroup\\Add\\SelectGroupStep"}]